<?xml version="1.0" encoding="UTF-8" ?>  
<!DOCTYPE mapper PUBLIC "-//ibatis.apache.org//DTD Mapper 3.0//EN"      
 "http://ibatis.apache.org/dtd/ibatis-3-mapper.dtd">
 
<mapper namespace="com.hhit.basetrain.dao.CollegeTeacherDao">

	<!-- 根据用户名查找用户 -->
	<select id="findByNo" parameterType="string" resultType="com.hhit.basetrain.entity.CollegeTeacher">
		select ct_no,ct_name,date_format(ct_birthday,'%Y-%m-%d') as ct_birthday,ct_sex,academy_no,ct_phone,ct_profession from collegeteacher where ct_no = #{ct_no}
	</select>
	
	<!-- 根据用户名查找姓名 -->
	<select id="findNameByNo" parameterType="string" resultType="string">
		select ct_name from collegeteacher where ct_no = #{ct_no}
	</select>
	
	<!-- 修改信息 -->
	<update id="modifyInf" parameterType="com.hhit.basetrain.entity.CollegeTeacher">
		update collegeteacher
		set ct_name = #{ct_name},ct_birthday = str_to_date(#{ct_birthday},'%Y-%m-%d'),ct_sex = #{ct_sex},
		academy_no = #{academy_no},ct_phone = #{ct_phone},ct_profession = #{ct_profession}
		where ct_no = #{ct_no}
	</update>
	
	<!-- 查找学院名 -->
	<select id="findAcademy" resultType="com.hhit.basetrain.entity.Academy">
		select b.academy_no as academy_no,b.academy_name as academy_name from academy b
		 where b.academy_no in (select distinct(a.academy_no) from collegeteacher a)
	</select>
	
		<!-- 查找教师用户 -->
	<select id="findTeacherByAcademyNo" parameterType="string" resultType="com.hhit.basetrain.entity.CollegeTeacher">
		select a.ct_no,a.ct_name,a.ct_birthday,a.ct_sex,a.academy_no,
		a.ct_phone,a.ct_profession from collegeteacher a
		<where>
			<if test="_parameter != null and _parameter !=''">
				a.academy_no = #{_parameter}
			</if>
		</where>
	</select>
	
</mapper>