<?xml version="1.0" encoding="UTF-8"?>
<!DOCTYPE mapper PUBLIC "-//ibatis.apache.org//DTD Mapper 3.0//EN"      
 "http://ibatis.apache.org/dtd/ibatis-3-mapper.dtd">
<mapper namespace="com.hhit.basetrain.dao.PlacardDao">
	<!-- 根据发布名查找基地公告 -->
	<select id="findById" parameterType="string" resultType="map">
		select placard_title,placard_content,publish_time from placard where publish_author = (select manager_no from baserelation where base_no=(select base_no from baseteacher where t_no=#{id}))
		order by publish_time desc
	</select>
	
	<!-- 查询学校公告 -->
	<select id="findByType" resultType='map'>
	  select placard_title,placard_content,publish_time from placard where placard_type='2' 
	</select>
	
	<!-- 根据发布名查找基地公告 -->
	<select id="findplacardById" parameterType="string" resultType="map">
		select placard_title,placard_content,publish_time from placard where publish_author = (select manager_no from baserelation where base_no=(select base_no from trainstudent where stuno=#{id}))
		order by publish_time desc
	</select>
	
	<!-- 查询全部常见问题公告 -->
	<select id="findAllQuestion" resultType="com.hhit.basetrain.entity.PlacardBean">
	  select a.placard_no as placard_no,a.placard_title as placard_title,date_format(a.publish_time,'%Y-%m-%d') as publish_time,
	  	b.base_name as base_name from placard a,baserelation b 
	  where a.placard_type='3' and b.manager_no = a.publish_author
	</select>
	
	<!-- 通过基地名查询常见问题公告 -->
	<select id="findQuestionByBaseNo" parameterType="string" resultType="com.hhit.basetrain.entity.PlacardBean">
	  select a.placard_no as placard_no,a.placard_title as placard_title,date_format(a.publish_time,'%Y-%m-%d') as publish_time,
	  	b.base_name as base_name from placard a,baserelation b 
	  where b.base_no = #{base_no} and b.manager_no = a.publish_author and a.placard_type='3' 
	  order by a.publish_time
	</select>
	
	<!-- 通过公告号查询常见问题公告 -->
	<select id="findQuestionByPlacardNo" parameterType="string" resultType="com.hhit.basetrain.entity.PlacardBean">
	  select a.placard_no as placard_no,a.placard_title as placard_title,date_format(a.publish_time,'%Y-%m-%d') as publish_time,
	  a.placard_content as placard_content,b.base_name as base_name from placard a,baserelation b 
	  where a.placard_type='3' and a.placard_no = #{placard_no} and b.manager_no = a.publish_author
	</select>
	
	<!-- 查询所有学校公告 -->
	<select id="findAllSchoolPlacard" resultType="com.hhit.basetrain.entity.PlacardBean">
	  select placard_no,placard_title,date_format(publish_time,'%Y-%m-%d') as publish_time,
	  placard_content from placard 
	  where placard_type ='2' order by publish_time desc
	</select>
	
	<!-- 通过公告号查询学校公告 -->
	<select id="findSchoolPlacardByPlacardNo" parameterType="string" resultType="com.hhit.basetrain.entity.PlacardBean">
	  select placard_no,placard_title,date_format(publish_time,'%Y-%m-%d') as publish_time,
	  placard_content from placard 
	  where placard_type ='2' and placard_no = #{placard_no} 
	</select>
	
	<!-- 添加学校公告 -->
	<insert id="saveSchoolPlacard" parameterType="map">
	  insert into placard(placard_type,placard_title,publish_time,placard_content,publish_author)
	 	values
	 	(#{placard_type},#{placard_title},str_to_date(#{publish_time},'%Y-%m-%d'),#{placard_content},#{publish_author})
	</insert>
	
	<!-- 通过公告标题准确查询学校公告 -->
	<select id="findSchoolPlacardByTitle" parameterType="string" resultType="com.hhit.basetrain.entity.PlacardBean">
	  select placard_no,placard_title,date_format(publish_time,'%Y-%m-%d') as publish_time,
	  placard_content from placard 
	  where placard_type ='2' and placard_title = #{placard_title} 
	</select>
	
	<!-- 通过公告标题模糊查询学校公告 -->
	<select id="searchSchoolPlacardByTitle" parameterType="string" resultType="com.hhit.basetrain.entity.PlacardBean">
	  select placard_no,placard_title,date_format(publish_time,'%Y-%m-%d') as publish_time,
	  placard_content from placard 
	  where placard_type ='2' and placard_title like #{placard_title} 
	</select>
	
	<!-- 通过公告号修改学校公告 -->
	<update id="updateSchoolPlacardByNo" parameterType="map">
	  update placard 
	  set placard_title = #{placard_title},
	  publish_time = str_to_date(#{publish_time},'%Y-%m-%d'),
	  placard_content = #{placard_content}
	  where placard_type ='2' and placard_no = #{placard_no} 
	</update>
	
	<!-- 通过公告号删除学校公告 -->
	<delete id="deleteSchoolPlacardByNo" parameterType="string">
	  delete from placard where placard_type ='2' and placard_no = #{placard_no} 
	</delete>

</mapper>