﻿<?xml version="1.0" encoding="UTF-8"?>
<beans xmlns="http://www.springframework.org/schema/beans" xmlns:xsi="http://www.w3.org/2001/XMLSchema-instance"
	xmlns:context="http://www.springframework.org/schema/context" xmlns:util="http://www.springframework.org/schema/util"  
	xmlns:jee="http://www.springframework.org/schema/jee" xmlns:tx="http://www.springframework.org/schema/tx"
	xmlns:jpa="http://www.springframework.org/schema/data/jpa" xmlns:mvc="http://www.springframework.org/schema/mvc"
	xsi:schemaLocation="
		http://www.springframework.org/schema/beans http://www.springframework.org/schema/beans/spring-beans-3.2.xsd
		http://www.springframework.org/schema/context http://www.springframework.org/schema/context/spring-context-3.2.xsd
		http://www.springframework.org/schema/util http://www.springframework.org/schema/util/spring-util-3.2.xsd
		http://www.springframework.org/schema/jee http://www.springframework.org/schema/jee/spring-jee-3.2.xsd
		http://www.springframework.org/schema/tx http://www.springframework.org/schema/tx/spring-tx-3.2.xsd
		http://www.springframework.org/schema/data/jpa http://www.springframework.org/schema/data/jpa/spring-jpa-1.3.xsd
		http://www.springframework.org/schema/mvc http://www.springframework.org/schema/mvc/spring-mvc-3.2.xsd">
	
	<!--<bean id="dbcp" class="org.apache.commons.dbcp.BasicDataSource">
		<property name="username" value="hulijie"></property>
		<property name="password" value="lijiehu"></property>
		<property name="url" value="jdbc:mysql://120.27.112.49:3306/trainproject?useUnicode=true&amp;characterEncoding=utf-8"></property>
		<property name="driverClassName" value="com.mysql.jdbc.Driver"></property>
	</bean>
	
	
	-->
	<bean id="dbcp" class="org.apache.commons.dbcp.BasicDataSource">
		<property name="username" value="root"></property>
		<property name="password" value="123456"></property>
		<property name="url" value="jdbc:mysql://localhost:3306/trainproject?useUnicode=true&amp;characterEncoding=utf-8"></property>
		<property name="driverClassName" value="com.mysql.jdbc.Driver"></property>
	</bean>
	
	<!--
	<bean id="dbcp" class="org.apache.commons.dbcp.BasicDataSource">
		<property value="basetrain3" name="username"/>
		<property value="7788h00" name="password"/>
		<property value="jdbc:mysql://rm-m5e49v03f5qe7p351.mysql.rds.aliyuncs.com:3306/trainproject?useUnicode=true&amp;characterEncoding=utf-8" name="url"/>
		<property value="com.mysql.jdbc.Driver" name="driverClassName"/>
	</bean>
	
	-->
	<!--
	<bean id="dbcp" class="org.apache.commons.dbcp.BasicDataSource">
		<property name="username" value="root"></property>
		<property name="password" value="123456"></property>
		<property name="url" value="jdbc:mysql:///basetrain?useUnicode=true&amp;characterEncoding=utf-8"></property>
		<property name="driverClassName" value="com.mysql.jdbc.Driver"></property>
	</bean>
	
	-->
	<bean id="ssf" class="org.mybatis.spring.SqlSessionFactoryBean">
		<property name="dataSource" ref="dbcp"></property>
		<property name="mapperLocations" value="classpath:com/hhit/basetrain/sql/*.xml"></property>
	</bean>
	<bean class="org.mybatis.spring.mapper.MapperScannerConfigurer">
		<property name="basePackage" value="com.hhit.basetrain.dao"></property>
	</bean>
	
	<!-- 开启扫描,扫描Controller，Service组件 -->
	<context:component-scan base-package="com.hhit.basetrain"></context:component-scan>
	<!-- handlermapping,支持@requestMapping,@responseBody -->
	<mvc:annotation-driven />
<!--
	 设置文件最大值 
	<bean id="multipartResolver" class="org.springframework.web.multipart.commons.CommonsMultipartResolver">
		<property name="maxUploadSize" value="1073741824"></property>
	</bean>
-->
</beans>